{
    "processors": ["cpu"],
    "scope": ["inference", "training"],
    "versions": {
        "0.20.0": {
            "py_versions": ["py3"],
            "registries": {
                "af-south-1": "510948584623",
                "ap-east-1": "651117190479",
                "ap-northeast-1": "354813040037",
                "ap-northeast-2": "366743142698",
                "ap-northeast-3": "867004704886",
                "ap-south-1": "720646828776",
                "ap-southeast-1": "121021644041",
                "ap-southeast-2": "783357654285",
                "ca-central-1": "341280168497",
                "cn-north-1": "450853457545",
                "cn-northwest-1": "451049120500",
                "eu-central-1": "492215442770",
                "eu-north-1": "662702820516",
                "eu-west-1": "141502667606",
                "eu-west-2": "764974769150",
                "eu-west-3": "659782779980",
                "eu-south-1": "978288397137",
                "me-south-1": "801668240914",
                "sa-east-1": "737474898029",
                "us-east-1": "683313688378",
                "us-east-2": "257758044811",
                "us-gov-west-1": "414596584902",
                "us-iso-east-1": "833128469047",
                "us-west-1": "746614075791",
                "us-west-2": "246618743249"
            },
            "repository": "sagemaker-scikit-learn"
        },
        "0.23-1": {
            "py_versions": ["py3"],
            "registries": {
                "af-south-1": "510948584623",
                "ap-east-1": "651117190479",
                "ap-northeast-1": "354813040037",
                "ap-northeast-2": "366743142698",
                "ap-northeast-3": "867004704886",
                "ap-south-1": "720646828776",
                "ap-southeast-1": "121021644041",
                "ap-southeast-2": "783357654285",
                "ca-central-1": "341280168497",
                "cn-north-1": "450853457545",
                "cn-northwest-1": "451049120500",
                "eu-central-1": "492215442770",
                "eu-north-1": "662702820516",
                "eu-west-1": "141502667606",
                "eu-west-2": "764974769150",
                "eu-west-3": "659782779980",
                "eu-south-1": "978288397137",
                "me-south-1": "801668240914",
                "sa-east-1": "737474898029",
                "us-east-1": "683313688378",
                "us-east-2": "257758044811",
                "us-gov-west-1": "414596584902",
                "us-iso-east-1": "833128469047",
                "us-west-1": "746614075791",
                "us-west-2": "246618743249"
            },
            "repository": "sagemaker-scikit-learn"
        }
    }
}
