{
    "scope": ["inference", "training"],
    "version_aliases": {
        "latest": "1"
    },
    "versions": {
        "1": {
            "registries": {
                "af-south-1": "455444449433",
                "ap-east-1": "286214385809",
                "ap-northeast-1": "501404015308",
                "ap-northeast-2": "306986355934",
                "ap-northeast-3": "867004704886",
                "ap-south-1": "991648021394",
                "ap-southeast-1": "475088953585",
                "ap-southeast-2": "544295431143",
                "ca-central-1": "469771592824",
                "cn-north-1": "390948362332",
                "cn-northwest-1": "387376663083",
                "eu-central-1": "813361260812",
                "eu-north-1": "669576153137",
                "eu-west-1": "685385470294",
                "eu-west-2": "644912444149",
                "eu-west-3": "749696950732",
                "eu-south-1": "257386234256",
                "me-south-1": "249704162688",
                "sa-east-1": "855470959533",
                "us-east-1": "811284229777",
                "us-east-2": "825641698319",
                "us-gov-west-1": "226302683700",
                "us-iso-east-1": "490574956308",
                "us-west-1": "632365934929",
                "us-west-2": "433757028032"
            },
            "repository": "xgboost"
        },
        "0.90-1": {
            "processors": ["cpu"],
            "py_versions": ["py3"],
            "registries": {
                "af-south-1": "510948584623",
                "ap-east-1": "651117190479",
                "ap-northeast-1": "354813040037",
                "ap-northeast-2": "366743142698",
                "ap-northeast-3": "867004704886",
                "ap-south-1": "720646828776",
                "ap-southeast-1": "121021644041",
                "ap-southeast-2": "783357654285",
                "ca-central-1": "341280168497",
                "cn-north-1": "450853457545",
                "cn-northwest-1": "451049120500",
                "eu-central-1": "492215442770",
                "eu-north-1": "662702820516",
                "eu-west-1": "141502667606",
                "eu-west-2": "764974769150",
                "eu-west-3": "659782779980",
                "eu-south-1": "978288397137",
                "me-south-1": "801668240914",
                "sa-east-1": "737474898029",
                "us-east-1": "683313688378",
                "us-east-2": "257758044811",
                "us-gov-west-1": "414596584902",
                "us-iso-east-1": "833128469047",
                "us-west-1": "746614075791",
                "us-west-2": "246618743249"
            },
            "repository": "sagemaker-xgboost"
        },
        "0.90-2": {
            "processors": ["cpu"],
            "py_versions": ["py3"],
            "registries": {
               "af-south-1": "510948584623",
                "ap-east-1": "651117190479",
                "ap-northeast-1": "354813040037",
                "ap-northeast-2": "366743142698",
                "ap-northeast-3": "867004704886",
                "ap-south-1": "720646828776",
                "ap-southeast-1": "121021644041",
                "ap-southeast-2": "783357654285",
                "ca-central-1": "341280168497",
                "cn-north-1": "450853457545",
                "cn-northwest-1": "451049120500",
                "eu-central-1": "492215442770",
                "eu-north-1": "662702820516",
                "eu-west-1": "141502667606",
                "eu-west-2": "764974769150",
                "eu-west-3": "659782779980",
                "eu-south-1": "978288397137",
                "me-south-1": "801668240914",
                "sa-east-1": "737474898029",
                "us-east-1": "683313688378",
                "us-east-2": "257758044811",
                "us-gov-west-1": "414596584902",
                "us-iso-east-1": "833128469047",
                "us-west-1": "746614075791",
                "us-west-2": "246618743249"
            },
            "repository": "sagemaker-xgboost"
        },
        "1.0-1": {
            "processors": ["cpu"],
            "py_versions": ["py3"],
            "registries": {
                "af-south-1": "510948584623",
                "ap-east-1": "651117190479",
                "ap-northeast-1": "354813040037",
                "ap-northeast-2": "366743142698",
                "ap-northeast-3": "867004704886",
                "ap-south-1": "720646828776",
                "ap-southeast-1": "121021644041",
                "ap-southeast-2": "783357654285",
                "ca-central-1": "341280168497",
                "cn-north-1": "450853457545",
                "cn-northwest-1": "451049120500",
                "eu-central-1": "492215442770",
                "eu-north-1": "662702820516",
                "eu-west-1": "141502667606",
                "eu-west-2": "764974769150",
                "eu-west-3": "659782779980",
                "eu-south-1": "978288397137",
                "me-south-1": "801668240914",
                "sa-east-1": "737474898029",
                "us-east-1": "683313688378",
                "us-east-2": "257758044811",
                "us-gov-west-1": "414596584902",
                "us-iso-east-1": "833128469047",
                "us-west-1": "746614075791",
                "us-west-2": "246618743249"
            },
            "repository": "sagemaker-xgboost"
        },
        "1.2-1": {
            "registries": {
                "af-south-1": "510948584623",
                "ap-east-1": "651117190479",
                "ap-northeast-1": "354813040037",
                "ap-northeast-2": "366743142698",
                "ap-northeast-3": "867004704886",
                "ap-south-1": "720646828776",
                "ap-southeast-1": "121021644041",
                "ap-southeast-2": "783357654285",
                "ca-central-1": "341280168497",
                "cn-north-1": "450853457545",
                "cn-northwest-1": "451049120500",
                "eu-central-1": "492215442770",
                "eu-north-1": "662702820516",
                "eu-west-1": "141502667606",
                "eu-west-2": "764974769150",
                "eu-west-3": "659782779980",
                "eu-south-1": "978288397137",
                "me-south-1": "801668240914",
                "sa-east-1": "737474898029",
                "us-east-1": "683313688378",
                "us-east-2": "257758044811",
                "us-gov-west-1": "414596584902",
                "us-iso-east-1": "833128469047",
                "us-west-1": "746614075791",
                "us-west-2": "246618743249"
            },
            "repository": "sagemaker-xgboost"
        },
        "1.2-2": {
            "registries": {
                "af-south-1": "510948584623",
                "ap-east-1": "651117190479",
                "ap-northeast-1": "354813040037",
                "ap-northeast-2": "366743142698",
                "ap-northeast-3": "867004704886",
                "ap-south-1": "720646828776",
                "ap-southeast-1": "121021644041",
                "ap-southeast-2": "783357654285",
                "ca-central-1": "341280168497",
                "cn-north-1": "450853457545",
                "cn-northwest-1": "451049120500",
                "eu-central-1": "492215442770",
                "eu-north-1": "662702820516",
                "eu-west-1": "141502667606",
                "eu-west-2": "764974769150",
                "eu-west-3": "659782779980",
                "eu-south-1": "978288397137",
                "me-south-1": "801668240914",
                "sa-east-1": "737474898029",
                "us-east-1": "683313688378",
                "us-east-2": "257758044811",
                "us-gov-west-1": "414596584902",
                "us-iso-east-1": "833128469047",
                "us-west-1": "746614075791",
                "us-west-2": "246618743249"
            },
            "repository": "sagemaker-xgboost"
        },
        "1.3-1": {
            "registries": {
                "af-south-1": "510948584623",
                "ap-east-1": "651117190479",
                "ap-northeast-1": "354813040037",
                "ap-northeast-2": "366743142698",
                "ap-northeast-3": "867004704886",
                "ap-south-1": "720646828776",
                "ap-southeast-1": "121021644041",
                "ap-southeast-2": "783357654285",
                "ca-central-1": "341280168497",
                "cn-north-1": "450853457545",
                "cn-northwest-1": "451049120500",
                "eu-central-1": "492215442770",
                "eu-north-1": "662702820516",
                "eu-west-1": "141502667606",
                "eu-west-2": "764974769150",
                "eu-west-3": "659782779980",
                "eu-south-1": "978288397137",
                "me-south-1": "801668240914",
                "sa-east-1": "737474898029",
                "us-east-1": "683313688378",
                "us-east-2": "257758044811",
                "us-gov-west-1": "414596584902",
                "us-iso-east-1": "833128469047",
                "us-west-1": "746614075791",
                "us-west-2": "246618743249"
            },
            "repository": "sagemaker-xgboost"
        },
        "1.5-1": {
            "registries": {
                "af-south-1": "510948584623",
                "ap-east-1": "651117190479",
                "ap-northeast-1": "354813040037",
                "ap-northeast-2": "366743142698",
                "ap-northeast-3": "867004704886",
                "ap-south-1": "720646828776",
                "ap-southeast-1": "121021644041",
                "ap-southeast-2": "783357654285",
                "ca-central-1": "341280168497",
                "cn-north-1": "450853457545",
                "cn-northwest-1": "451049120500",
                "eu-central-1": "492215442770",
                "eu-north-1": "662702820516",
                "eu-west-1": "141502667606",
                "eu-west-2": "764974769150",
                "eu-west-3": "659782779980",
                "eu-south-1": "978288397137",
                "me-south-1": "801668240914",
                "sa-east-1": "737474898029",
                "us-east-1": "683313688378",
                "us-east-2": "257758044811",
                "us-gov-west-1": "414596584902",
                "us-iso-east-1": "833128469047",
                "us-west-1": "746614075791",
                "us-west-2": "246618743249"
            },
            "repository": "sagemaker-xgboost"
        }
    }
}
